Workbook

Sheet 1. Como funciona
A1: Conteúdo e Base FSA · Como funciona
A3: AS CAMADAS (ler primeiro) | B3: O PRINCIPAL DA SEMANA é transformar seguidor em base (e-mail). O número que mais importa: e-mails novos + cliques na newsletter.
A4: CAMADA 1 · O CENTRO | B4: Tema da semana (vem da live) → NEWSLETTER. É o produto da semana e o que mantém a base quente.
A5: CAMADA 2 · A PONTE | B5: Criativo de captura ("comenta e recebe"). Leva a pessoa do Instagram para dentro da base.
A6: CAMADA 3 · O COMBUSTÍVEL | B6: Reels, carrosséis e YouTube. Atraem gente nova e aquecem quem já segue. Uns 3 por semana no tema da semana; o resto nos assuntos fixos ligados às formações (para o perfil não ficar repetitivo).
A7: CARROSSEL DA NEWSLETTER | B7: NUNCA abrir com "o tema da newsletter desta semana". A capa é a ideia mais surpreendente que está DENTRO da newsletter, algo que quebra a cabeça e faz rolar. Só no último slide a pessoa descobre que aquilo é um pedaço da newsletter: "Isso saiu na nossa newsletter desta semana. Quer receber as próximas? Comenta NEWS."
A8: COMO SOMOS MEDIDOS (3 níveis) | B8: 1) TODA SEMANA, ENTREGAS (aba 3): fiz o que combinei? Meta 100%. 2) TODA SEMANA, KPIs (aba 5): os números que mostram se a operação está saudável (seguidores novos, engajados, e-mails novos, cliques). Eu trago e comparo com a semana anterior. 3) TODO MÊS, OKR (aba 2): a meta de RESULTADO do mês. É o que diz se o trabalho trouxe resultado. E em cada peça, o PLACAR (aba 4): gancho, retenção e conversão de cada reel e carrossel.
A9: OKR x KPI | B9: OKR é o que queremos MUDAR no mês (crescer a base, aumentar cliques). KPI é o que não podemos deixar PIORAR toda semana. OKR muda a cada mês; KPI é sempre o mesmo painel.
A10: VISÃO | B10: Reaquecer a base da FSA e deixá-la pronta para a próxima oferta. Instagram atrai e aquece; e-mail (newsletter) é a base que é nossa.
A11: RESPONSÁVEL | B11: Uma pessoa: roteiros de reels, carrosséis, newsletter e criativo de captura. Ajuda na copy quando a Gisele pedir.
A12: QUEM APARECE | B12: Reels e carrosséis divididos entre o Gabriel de Carvalho e a professora Liliane. Ela distribui entre os dois.
A13: O CENTRO DA SEMANA | B13: A live semanal (aberta para toda a base). O tema da live vira a newsletter da semana. NÃO usar cortes da live como reels.
A14: ENTREGAS DA SEMANA | B14: 5 roteiros de reels + 4 carrosséis + 1 newsletter + YouTube (5 Shorts + a live da semana). Um dos reels ou carrosséis é o criativo de captura ("comenta X e recebe Y").
... A30: BASE DE E-MAIL | B30: Reaquecer em ordem: semanas 1 e 2 só para quem abriu ou clicou nos últimos 6 meses; semana 3 campanha de reativação para os parados; depois tirar do envio quem não abre há 12 meses. Spam acima de 0,1%: parar e corrigir.

Sheet 2. OKR do mês
A1: OKR do mês
A2: Mês:
A3: Objetivo: | B3: Reaquecer a base da FSA e deixá-la pronta para a próxima oferta.
A5: Resultado-chave | B5: Como medir | C5: Linha de base (mês anterior) | D5: Meta do mês | E5: Realizado | F5: % atingido | G5: Comentário
A6: KR1. Gancho e retenção dos reels | B6: % dos reels do mês com retenção (tempo médio ÷ duração) acima da linha de base | F6: =IFERROR(E6/D6,"")
A7: KR2. Base nova vinda do Instagram | B7: E-mails novos gerados pelos criativos de captura no mês | F7: =IFERROR(E7/D7,"")
A8: KR3. Engajamento que importa | B8: (Comentários + salvamentos + compartilhamentos) ÷ alcance, média do mês | F8: =IFERROR(E8/D8,"")
A9: KR4. Newsletter viva | B9: Taxa média de cliques das newsletters do mês | F9: =IFERROR(E9/D9,"")
A10: KR5. Base reativada | B10: Contatos parados que voltaram a abrir ou clicar no mês | F10: =IFERROR(E10/D10,"")
A12: Indicador de apoio (não é meta): | B12: Seguidores novos no mês. Acompanhar, mas não perseguir: meta de seguidor puxa conteúdo que viraliza e não vende.
A14: Regra: | B14: No 1º mês, as duas primeiras semanas viram a linha de base. A partir do 2º mês, a meta é superar a linha de base do mês anterior. Bater 70% do OKR já é bom resultado.

Sheet 3. Entregas da semana
A1: Entregas da semana (meta: 100%, sob controle dela)
A3: Semana (início) | B3: Reels roteirizados (meta 5) | C3: Carrosséis (meta 4) | D3: Newsletter enviada (1) | E3: Captura publicada (1) | F3: Tipo de captura | G3: % entregue | H3: Pacote enviado p/ aprovação no prazo? | I3: Observação | J3: Shorts no YouTube (meta 5) | K3: Live no YouTube (1)
G4: =IF(A4="","",(MIN(B4,5)+MIN(C4,4)+MIN(D4,1)+MIN(E4,1)+MIN(J4,5)+MIN(K4,1))/17)
G5: =IF(A5="","",(MIN(B5,5)+MIN(C5,4)+MIN(D5,1)+MIN(E5,1)+MIN(J5,5)+MIN(K5,1))/17)
G6: =IF(A6="","",(MIN(B6,5)+MIN(C6,4)+MIN(D6,1)+MIN(E6,1)+MIN(J6,5)+MIN(K6,1))/17)
G7: =IF(A7="","",(MIN(B7,5)+MIN(C7,4)+MIN(D7,1)+MIN(E7,1)+MIN(J7,5)+MIN(K7,1))/17)
G8: =IF(A8="","",(MIN(B8,5)+MIN(C8,4)+MIN(D8,1)+MIN(E8,1)+MIN(J8,5)+MIN(K8,1))/17)
G9: =IF(A9="","",(MIN(B9,5)+MIN(C9,4)+MIN(D9,1)+MIN(E9,1)+MIN(J9,5)+MIN(K9,1))/17)
G10: =IF(A10="","",(MIN(B10,5)+MIN(C10,4)+MIN(D10,1)+MIN(E10,1)+MIN(J10,5)+MIN(K10,1))/17)
G11: =IF(A11="","",(MIN(B11,5)+MIN(C11,4)+MIN(D11,1)+MIN(E11,1)+MIN(J11,5)+MIN(K11,1))/17)
G12: =IF(A12="","",(MIN(B12,5)+MIN(C12,4)+MIN(D12,1)+MIN(E12,1)+MIN(J12,5)+MIN(K12,1))/17)
G13: =IF(A13="","",(MIN(B13,5)+MIN(C13,4)+MIN(D13,1)+MIN(E13,1)+MIN(J13,5)+MIN(K13,1))/17)
G14: =IF(A14="","",(MIN(B14,5)+MIN(C14,4)+MIN(D14,1)+MIN(E14,1)+MIN(J14,5)+MIN(K14,1))/17)
G15: =IF(A15="","",(MIN(B15,5)+MIN(C15,4)+MIN(D15,1)+MIN(E15,1)+MIN(J15,5)+MIN(K15,1))/17)
G16: =IF(A16="","",(MIN(B16,5)+MIN(C16,4)+MIN(D16,1)+MIN(E16,1)+MIN(J16,5)+MIN(K16,1))/17)

Sheet 4. Placar por peça
A1: Placar por peça: gancho, retenção e conversão
A2: Laranja: ela preenche (Insights do Instagram, 7 dias após publicar). Azul: calcula sozinho. | X2: Linha de base de retenção %:
X3: Linha de base de conversão %:
A4: Semana | B4: Data | C4: Tipo | D4: Quem aparece | E4: Tema | F4: Gancho (o que é dito/escrito nos 3 primeiros segundos) | G4: Link | H4: Alcance | I4: Taxa de pulos % (reels) | J4: Duração (s) | K4: Tempo médio assistido (s) | L4: RETENÇÃO % | M4: Comentários | N4: Salvamentos | O4: Compartilhamentos | P4: Seguidores ganhos | Q4: CONVERSÃO % (engajamento ÷ alcance) | R4: Imagens reais? (Sim/Não) | S4: É captura? | T4: E-mails gerados | U4: CAPTURA % (e-mails ÷ comentários) | V4: Acima da linha de base? | W4: O que aprendi
L5: =IFERROR(K5/J5,"") | Q5: =IFERROR((M5+N5+O5)/H5,"") | U5: =IF(S5="Sim",IFERROR(T5/M5,""),"") | V5: =IF(OR(H5="",$Y$3=""),"",IF(AND(OR(C5<>"Reel",L5>=$Y$2),Q5>=$Y$3),"Sim","Não"))
L6: =IFERROR(K6/J6,"") | Q6: =IFERROR((M6+N6+O6)/H6,"") | U6: =IF(S6="Sim",IFERROR(T6/M6,""),"") | V6: =IF(OR(H6="",$Y$3=""),"",IF(AND(OR(C6<>"Reel",L6>=$Y$2),Q6>=$Y$3),"Sim","Não"))
L7: =IFERROR(K7/J7,"") | Q7: =IFERROR((M7+N7+O7)/H7,"") | U7: =IF(S7="Sim",IFERROR(T7/M7,""),"") | V7: =IF(OR(H7="",$Y$3=""),"",IF(AND(OR(C7<>"Reel",L7>=$Y$2),Q7>=$Y$3),"Sim","Não"))
L8: =IFERROR(K8/J8,"") | Q8: =IFERROR((M8+N8+O8)/H8,"") | U8: =IF(S8="Sim",IFERROR(T8/M8,""),"") | V8: =IF(OR(H8="",$Y$3=""),"",IF(AND(OR(C8<>"Reel",L8>=$Y$2),Q8>=$Y$3),"Sim","Não"))
L9: =IFERROR(K9/J9,"") | Q9: =IFERROR((M9+N9+O9)/H9,"") | U9: =IF(S9="Sim",IFERROR(T9/M9,""),"") | V9: =IF(OR(H9="",$Y$3=""),"",IF(AND(OR(C9<>"Reel",L9>=$Y$2),Q9>=$Y$3),"Sim","Não"))
L10: =IFERROR(K10/J10,"") | Q10: =IFERROR((M10+N10+O10)/H10,"") | U10: =IF(S10="Sim",IFERROR(T10/M10,""),"") | V10: =IF(OR(H10="",$Y$3=""),"",IF(AND(OR(C10<>"Reel",L10>=$Y$2),Q10>=$Y$3),"Sim","Não"))
L11: =IFERROR(K11/J11,"") | Q11: =IFERROR((M11+N11+O11)/H11,"") | U11: =IF(S11="Sim",IFERROR(T11/M11,""),"") | V11: =IF(OR(H11="",$Y$3=""),"",IF(AND(OR(C11<>"Reel",L11>=$Y$2),Q11>=$Y$3),"Sim","Não"))
L12: =IFERROR(K12/J12,"") | Q12: =IFERROR((M12+N12+O12)/H12,"") | U12: =IF(S12="Sim",IFERROR(T12/M12,""),"") | V12: =IF(OR(H12="",$Y$3=""),"",IF(AND(OR(C12<>"Reel",L12>=$Y$2),Q12>=$Y$3),"Sim","Não"))
L13: =IFERROR(K13/J13,"") | Q13: =IFERROR((M13+N13+O13)/H13,"") | U13: =IF(S13="Sim",IFERROR(T13/M13,""),"") | V13: =IF(OR(H13="",$Y$3=""),"",IF(AND(OR(C13<>"Reel",L13>=$Y$2),Q13>=$Y$3),"Sim","Não"))
L14: =IFERROR(K14/J14,"") | Q14: =IFERROR((M14+N14+O14)/H14,"") | U14: =IF(S14="Sim",IFERROR(T14/M14,""),"") | V14: =IF(OR(H14="",$Y$3=""),"",IF(AND(OR(C14<>"Reel",L14>=$Y$2),Q14>=$Y$3),"Sim","Não"))
L15: =IFERROR(K15/J15,"") | Q15: =IFERROR((M15+N15+O15)/H15,"") | U15: =IF(S15="Sim",IFERROR(T15/M15,""),"") | V15: =IF(OR(H15="",$Y$3=""),"",IF(AND(OR(C15<>"Reel",L15>=$Y$2),Q15>=$Y$3),"Sim","Não"))
L16: =IFERROR(K16/J16,"") | Q16: =IFERROR((M16+N16+O16)/H16,"") | U16: =IF(S16="Sim",IFERROR(T16/M16,""),"") | V16: =IF(OR(H16="",$Y$3=""),"",IF(AND(OR(C16<>"Reel",L16>=$Y$2),Q16>=$Y$3),"Sim","Não"))
... L44: =IFERROR(K44/J44,"") | Q44: =IFERROR((M44+N44+O44)/H44,"") | U44: =IF(S44="Sim",IFERROR(T44/M44,""),"") | V44: =IF(OR(H44="",$Y$3=""),"",IF(AND(OR(C44<>"Reel",L44>=$Y$2),Q44>=$Y$3),"Sim","Não"))

Sheet 5. KPIs da semana
A1: Relatório da semana (ela traz toda semana)
A3: Semana (início) | B3: Seguidores (total) | C3: Seguidores novos | D3: Contas engajadas | E3: Alcance | F3: E-mails novos (captura) | G3: Newsletter: abertura % | H3: Newsletter: cliques % | I3: Descadastros | J3: Spam % | K3: Reels acima da linha de base | L3: YouTube: inscritos novos | M3: YouTube: visualizações | N3: YouTube: horas assistidas | O3: YouTube: cliques no link da newsletter | P3: O que funcionou | Q3: O que não funcionou | R3: O que vou testar na semana que vem
K4: =IF(A4="","",COUNTIFS('4. Placar por peça'!A:A,A4,'4. Placar por peça'!C:C,"Reel",'4. Placar por peça'!V:V,"Sim")&" de "&COUNTIFS('4. Placar por peça'!A:A,A4,'4. Placar por peça'!C:C,"Reel"))
K5: =IF(A5="","",COUNTIFS('4. Placar por peça'!A:A,A5,'4. Placar por peça'!C:C,"Reel",'4. Placar por peça'!V:V,"Sim")&" de "&COUNTIFS('4. Placar por peça'!A:A,A5,'4. Placar por peça'!C:C,"Reel"))
K6: =IF(A6="","",COUNTIFS('4. Placar por peça'!A:A,A6,'4. Placar por peça'!C:C,"Reel",'4. Placar por peça'!V:V,"Sim")&" de "&COUNTIFS('4. Placar por peça'!A:A,A6,'4. Placar por peça'!C:C,"Reel"))
K7: =IF(A7="","",COUNTIFS('4. Placar por peça'!A:A,A7,'4. Placar por peça'!C:C,"Reel",'4. Placar por peça'!V:V,"Sim")&" de "&COUNTIFS('4. Placar por peça'!A:A,A7,'4. Placar por peça'!C:C,"Reel"))
K8: =IF(A8="","",COUNTIFS('4. Placar por peça'!A:A,A8,'4. Placar por peça'!C:C,"Reel",'4. Placar por peça'!V:V,"Sim")&" de "&COUNTIFS('4. Placar por peça'!A:A,A8,'4. Placar por peça'!C:C,"Reel"))
K9: =IF(A9="","",COUNTIFS('4. Placar por peça'!A:A,A9,'4. Placar por peça'!C:C,"Reel",'4. Placar por peça'!V:V,"Sim")&" de "&COUNTIFS('4. Placar por peça'!A:A,A9,'4. Placar por peça'!C:C,"Reel"))
K10: =IF(A10="","",COUNTIFS('4. Placar por peça'!A:A,A10,'4. Placar por peça'!C:C,"Reel",'4. Placar por peça'!V:V,"Sim")&" de "&COUNTIFS('4. Placar por peça'!A:A,A10,'4. Placar por peça'!C:C,"Reel"))
K11: =IF(A11="","",COUNTIFS('4. Placar por peça'!A:A,A11,'4. Placar por peça'!C:C,"Reel",'4. Placar por peça'!V:V,"Sim")&" de "&COUNTIFS('4. Placar por peça'!A:A,A11,'4. Placar por peça'!C:C,"Reel"))
K12: =IF(A12="","",COUNTIFS('4. Placar por peça'!A:A,A12,'4. Placar por peça'!C:C,"Reel",'4. Placar por peça'!V:V,"Sim")&" de "&COUNTIFS('4. Placar por peça'!A:A,A12,'4. Placar por peça'!C:C,"Reel"))
K13: =IF(A13="","",COUNTIFS('4. Placar por peça'!A:A,A13,'4. Placar por peça'!C:C,"Reel",'4. Placar por peça'!V:V,"Sim")&" de "&COUNTIFS('4. Placar por peça'!A:A,A13,'4. Placar por peça'!C:C,"Reel"))
K14: =IF(A14="","",COUNTIFS('4. Placar por peça'!A:A,A14,'4. Placar por peça'!C:C,"Reel",'4. Placar por peça'!V:V,"Sim")&" de "&COUNTIFS('4. Placar por peça'!A:A,A14,'4. Placar por peça'!C:C,"Reel"))
K15: =IF(A15="","",COUNTIFS('4. Placar por peça'!A:A,A15,'4. Placar por peça'!C:C,"Reel",'4. Placar por peça'!V:V,"Sim")&" de "&COUNTIFS('4. Placar por peça'!A:A,A15,'4. Placar por peça'!C:C,"Reel"))
K16: =IF(A16="","",COUNTIFS('4. Placar por peça'!A:A,A16,'4. Placar por peça'!C:C,"Reel",'4. Placar por peça'!V:V,"Sim")&" de "&COUNTIFS('4. Placar por peça'!A:A,A16,'4. Placar por peça'!C:C,"Reel"))
A19: Atenção: olhar mais os CLIQUES do que a abertura (o iPhone marca e-mail como aberto sozinho). Spam acima de 0,1%: parar e avisar a Gisele.
A20: Na coluna "Semana" das abas 3, 4 e 5, usar sempre a mesma data (a segunda-feira da semana), para as contas cruzarem.

Sheet 6. Checklist do roteiro
A1: Checklist antes de mandar o roteiro para aprovação
A3: ☐ | B3: GANCHO: escrevi 3 opções de abertura e escolhi a mais forte.
A4: ☐ | B4: GANCHO: a primeira frase cabe em 3 segundos e cria tensão, curiosidade ou contradiz algo que a pessoa acredita.
A5: ☐ | B5: GANCHO: tem texto grande na tela nos 3 primeiros segundos (muita gente assiste sem som).
A6: ☐ | B6: IMAGEM: escolhi as imagens de cada parte (reais, sem IA) e elas mostram aquilo que está sendo dito.
A7: ☐ | B7: IMAGEM: a primeira imagem/cena é a mais forte e já se entende sem som.
A8: ☐ | B8: IMAGEM: depoimento ou exame com autorização e sem dados que identifiquem.
A9: ☐ | B9: GANCHO: não começa com "Oi, gente", apresentação ou contexto.
A10: ☐ | B10: RETENÇÃO: cada frase dá motivo para ouvir a próxima. Cortei toda frase que não faz falta.
A11: ☐ | B11: RETENÇÃO: a promessa do gancho só é paga no final (ou perto dele).
A12: ☐ | B12: RETENÇÃO: o reel tem até 45 segundos, salvo motivo forte.
A13: ☐ | B13: RETENÇÃO: marquei onde entra mudança visual (corte, texto, imagem) a cada 3 a 5 segundos.
A14: ☐ | B14: CONVERSÃO: tem UM pedido só no final (comentar, salvar, seguir, compartilhar ou ir para a newsletter).
... A20: ☐ | B20: CAMPANHA: se fala de oferta, diz exatamente o que a página de destino diz (mesma frase, número, prazo).

Sheet 7. Calendário de captura
A1: Calendário de captura (1 por semana, em rodízio)
A3: Semana | B3: Tipo | C3: Formação ligada | D3: Palavra-chave | E3: Material (o que a pessoa recebe) | F3: Tirado de qual material? | G3: Comentários | H3: E-mails gerados
B4: Fica na DM
B5: DM para e-mail
B6: Convite newsletter
B7: DM para e-mail
B8: Fica na DM
B9: DM para e-mail
B10: Convite newsletter
B11: DM para e-mail
